usd,lamphat,nctt,slkt,play
TANG,TANG,THAP,TB,CAO
TB,ON DINH,TB,CAO,THAP
TANG,ON DINH,CAO,TB,CAO
TB,GIAM,THAP,CAO,THAP
GIAM,ON DINH,CAO,THAP,THAP
TB,GIAM,THAP,TB,THAP
TANG,TANG,THAP,THAP,CAO
GIAM,GIAM,CAO,CAO,CAO
TB,GIAM,THAP,CAO,THAP
GIAM,TANG,CAO,TB,THAP
TB,GIAM,THAP,CAO,CAO
CAO,GIAM,THAP,TB,THAP
TB,TANG,TB,THAP,THAP
TANG,GIAM,TB,THAP,CAO
TANG,GIAM,CAO,THAP,CAO
TB,ON DINH,CAO,TB,CAO
GIAM,TANG,THAP,THAP,THAP
TB,GIAM,CAO,CAO,CAO
TANG,GIAM,CAO,THAP,THAP
GIAM,ON DINH,CAO,TB,CAO
TANG,ON DINH,CAO,THAP,THAP
GIAM,GIAM,CAO,CAO,CAO
TB,TANG,THAP,CAO,THAP
TANG,GIAM,CAO,TB,CAO
TANG,ON DINH,CAO,CAO,CAO
TB,GIAM,TB,THAP,THAP
GIAM,GIAM,CAO,THAP,THAP
GIAM,GIAM,CAO,CAO,CAO
TB,ON DINH,CAO,TB,THAP
GIAM,TANG,THAP,THAP,THAP
TANG,GIAM,TB,CAO,CAO
TANG,GIAM,TB,CAO,CAO
GIAM,GIAM,TB,THAP,CAO
TB,TANG,THAP,TB,THAP
TANG,ON DINH,CAO,TB,THAP
TANG,GIAM,TB,THAP,THAP
TANG,GIAM,TB,THAP,CAO
TB,ON DINH,CAO,CAO,CAO
GIAM,TANG,THAP,CAO,THAP
GIAM,ON DINH,CAO,CAO,CAO
TANG,GIAM,TB,TB,THAP
GIAM,ON DINH,CAO,TB,THAP
TANG,ON DINH,CAO,TB,CAO
TANG,TANG,THAP,THAP,THAP
GIAM,GIAM,TB,CAO,CAO
TB,GIAM,TB,CAO,THAP
GIAM,TANG,THAP,CAO,CAO
TANG,TANG,THAP,THAP,CAO
GIAM,GIAM,TB,TB,THAP
TANG,GIAM,CAO,TB,THAP
TB,GIAM,TB,CAO,CAO
TB,ON DINH,CAO,THAP,THAP
TANG,TANG,THAP,CAO,THAP
TANG,ON DINH,CAO,CAO,CAO
TB,GIAM,CAO,TB,CAO
TB,ON DINH,CAO,TB,CAO
GIAM,TANG,THAP,TB,THAP
TANG,GIAM,CAO,TB,THAP
TB,GIAM,CAO,THAP,THAP
TANG,TANG,THAP,TB,CAO
GIAM,GIAM,TB,THAP,CAO
TB,TANG,THAP,CAO,THAP
TANG,TANG,THAP,CAO,CAO
TB,TANG,THAP,THAP,THAP
TB,ON DINH,CAO,CAO,THAP
GIAM,GIAM,CAO,CAO,CAO
TANG,TANG,THAP,TB,THAP
TANG,ON DINH,CAO,THAP,CAO
GIAM,TANG,THAP,CAO,THAP
TB,ON DINH,CAO,CAO,CAO
TANG,GIAM,CAO,CAO,CAO
GIAM,GIAM,CAO,THAP,THAP
TB,GIAM,CAO,THAP,THAP
TANG,GIAM,CAO,THAP,CAO
TB,GIAM,CAO,TB,CAO
GIAM,ON DINH,CAO,THAP,THAP
GIAM,GIAM,CAO,TB,THAP
TB,GIAM,TB,CAO,CAO
TANG,GIAM,TB,TB,CAO
TANG,TANG,THAP,CAO,CAO
GIAM,ON DINH,CAO,THAP,THAP
TANG,TANG,THAP,THAP,THAP
GIAM,TANG,THAP,TB,THAP
TANG,ON DINH,CAO,CAO,CAO
TB,GIAM,CAO,CAO,CAO
GIAM,ON DINH,CAO,TB,THAP
TANG,ON DINH,CAO,TB,CAO
GIAM,GIAM,CAO,TB,THAP
GIAM,TANG,THAP,TB,THAP
TB,GIAM,TB,TB,CAO
TANG,TANG,THAP,TB,THAP
TB,TANG,THAP,CAO,CAO
GIAM,ON DINH,CAO,CAO,THAP
TB,GIAM,CAO,CAO,CAO
TANG,GIAM,TB,CAO,THAP
TB,GIAM,TB,TB,CAO
GIAM,ON DINH,CAO,CAO,THAP
TB,GIAM,TB,THAP,THAP
GIAM,GIAM,TB,CAO,THAP
TB,TANG,THAP,TB,CAO
